,Model,Accuracy,Precision,Recall,F1
0,KNN,0.4843923077338722,0.4645796588623087,0.4843923077338722,0.4665406503153553
1,Naive Bayes,0.44395873971329614,0.49482361095758987,0.44395873971329614,0.30532089734508666
2,Logistic Regression,0.4357563935613204,0.4320655446828194,0.4357563935613204,0.2934663492376956
3,Decision Tree,0.4300450102394242,0.432145121887884,0.4300450102394242,0.43098657091035236
4,Random Forest,0.41573683328920563,0.4195710955450313,0.41573683328920563,0.4172879119608648
5,Gradient Boosting,0.42687322025839014,0.43258179835817007,0.42687322025839014,0.42879480910663836
6,K-Means,0.5771360951861197,0.5865890147135022,0.5771360951861197,0.5784809506092238
