,Model,Accuracy,Precision,Recall,F1
0,KNN,0.5135371179039301,0.6206402283365215,0.5135371179039301,0.37298142244195753
1,Naive Bayes,0.5009981285090456,0.2509991247695661,0.5009981285090456,0.3344429549940688
2,Logistic Regression,0.8705552089831566,0.8947594445388126,0.8705552089831566,0.8685769692870726
3,Decision Tree,0.6286338116032439,0.6617331266491274,0.6286338116032439,0.6082352960740255
4,Random Forest,0.763069245165315,0.7656831199088291,0.763069245165315,0.762450841608864
5,Gradient Boosting,0.7230193387398628,0.7891932491411979,0.7230193387398628,0.7064071521888152
6,K-Means,0.4990018714909545,0.24900286775147504,0.4990018714909545,0.3322248924263303
