,Model,Accuracy,Precision,Recall,F1
0,KNN,0.9935809879643525,0.9936160086229936,0.9935809879643525,0.9935808529316765
1,Naive Bayes,0.6748231402933881,0.755504885911419,0.6748231402933881,0.647069469134866
2,Logistic Regression,0.7396870119131473,0.784161830292098,0.7396870119131473,0.7291448023107053
3,Decision Tree,0.9965516185342848,0.9965519918276231,0.9965516185342848,0.9965516167156174
4,Random Forest,0.996802744005145,0.9968045535566055,0.996802744005145,0.9968027387096864
5,Gradient Boosting,0.9973784950846782,0.997382788305624,0.9973784950846782,0.9973784864221633
6,K-Means,0.325176859706612,0.24471858485743486,0.325176859706612,0.2675537834488974
