,Model,Accuracy,Precision,Recall,F1
0,KNN,0.993838238446697,0.9938659606978102,0.993838238446697,0.9938381338968357
1,Naive Bayes,0.9002480629651181,0.9057725490448294,0.9002480629651181,0.8999023034944527
2,Logistic Regression,0.775163078430772,0.7835892478768972,0.775163078430772,0.7735014443957652
3,Decision Tree,0.9955716166967813,0.9955717399777799,0.9955716166967813,0.9955716155524477
4,Random Forest,0.9963923682356904,0.9963946435002349,0.9963923682356904,0.9963923610827848
5,Gradient Boosting,0.9969129942118642,0.9969221187653643,0.9969129942118642,0.9969129748769882
6,K-Means,0.37379720086975166,0.3390629160182168,0.37379720086975166,0.3382220643032878
