,Model,Accuracy,Precision,Recall,F1
0,KNN,0.48714481777054847,0.47001207181082955,0.48714481777054847,0.47409100349143246
1,Naive Bayes,0.4299395110049306,0.4865745042130442,0.4299395110049306,0.2903352006725403
2,Logistic Regression,0.422462257916942,0.4268257768547215,0.422462257916942,0.27924985412384
3,Decision Tree,0.42081533065622934,0.42897532059735244,0.42081533065622934,0.4236860553524372
4,Random Forest,0.43587658211762315,0.4420592609608482,0.43587658211762315,0.4382785183114299
5,Gradient Boosting,0.44092410918517766,0.4502248002826886,0.44092410918517766,0.4438341007379426
6,K-Means,0.5765414527525035,0.5905975958009613,0.5765414527525035,0.5785993311187455
